<?xml version="1.0" encoding="UTF-8"?>
<feature
        id="org.jkiss.dbeaver.runtime.feature"
        label="%featureName"
        version="21.2.0.202108310918"
        provider-name="%providerName"
        plugin="org.jkiss.dbeaver.model">

    <description>
        %description
    </description>

    <copyright>
        %copyright
    </copyright>

    <license url="%licenseURL">
        %license
    </license>

    <requires>
        <import plugin="org.eclipse.core.runtime"/>
        <import plugin="org.eclipse.core.resources"/>
        <import plugin="org.eclipse.core.expressions"/>
    </requires>

    <plugin id="org.jkiss.utils" download-size="97" install-size="191" version="2.1.147.202108310918" unpack="false"/>
    <plugin id="org.jkiss.dbeaver.slf4j" download-size="7" install-size="13" version="2.0.34.202108310918" unpack="false"/>
    <plugin id="org.jkiss.dbeaver.model" download-size="1830" install-size="3895" version="1.0.153.202108310918" unpack="false"/>
    <plugin id="org.jkiss.dbeaver.model.sql" download-size="256" install-size="533" version="1.0.54.202108310918" unpack="false"/>
    <plugin id="org.jkiss.dbeaver.registry" download-size="414" install-size="960" version="1.0.58.202108310918" unpack="false"/>
    <plugin id="org.jkiss.dbeaver.net.ssh" download-size="59" install-size="91" version="1.0.85.202108310918" unpack="false"/>
    <plugin id="org.jkiss.dbeaver.net.ssh.jsch" download-size="17" install-size="30" version="1.1.74.202108310918" unpack="false"/>
    <plugin id="org.jkiss.dbeaver.cmp.simple" download-size="24" install-size="44" version="6.0.60.202108310918" unpack="false"/>
    <plugin id="org.jkiss.dbeaver.data.transfer" download-size="312" install-size="801" version="2.0.48.202108310918" unpack="false"/>
    <plugin id="org.jkiss.dbeaver.tasks.native" download-size="34" install-size="67" version="1.0.42.202108310918" unpack="false"/>
    <plugin id="org.jkiss.dbeaver.erd.model" download-size="52" install-size="112" version="1.0.24.202108310918" unpack="false"/>

    <!-- GIS -->
    <plugin id="org.jkiss.dbeaver.data.gis" download-size="32" install-size="60" version="1.0.88.202108310918" unpack="false"/>
    <plugin id="org.jkiss.bundle.gis" download-size="1499" install-size="1648" version="2.0.4" unpack="false"/>

    <!-- 3rd party -->
    <plugin id="com.github.jsqlparser" download-size="782" install-size="1995" version="4.1.0" unpack="false"/>
    <plugin id="org.apache.commons.jexl" download-size="388" install-size="840" version="3.1.0" unpack="false"/>
    <plugin id="net.sf.opencsv" download-size="19" install-size="37" version="2.3.0" unpack="false"/>
    <plugin id="com.google.gson" download-size="262" install-size="521" version="2.8.6.v20201231-1626"/>

</feature>
