<?xml version="1.0" encoding="UTF-8"?>
<feature
        id="org.jkiss.dbeaver.ce.feature"
        label="%featureName"
        version="21.2.0.202108310918"
        provider-name="%providerName"
        plugin="org.jkiss.dbeaver.ui.app.standalone">

    <description>
        %description
    </description>

    <copyright>
        %copyright
    </copyright>

    <license url="%licenseURL">
        %license
    </license>

    <url>

    </url>

    <includes id="org.jkiss.dbeaver.standalone.feature" version="21.2.0.202108310918"/>
    <includes id="org.jkiss.dbeaver.ui.extra.feature" version="21.2.0.202108310918"/>

    <plugin id="org.jkiss.dbeaver.ui.app.standalone" download-size="509" install-size="940" version="21.2.0.202108310918"/>

</feature>
